"Source:","D:\Development\stm32_ethernet\HW\STM32F4_Ethernet\STM32F4_Ethernet.kicad_sch"
"Date:","2023-05-18 오후 10:47:05"
"Tool:","Eeschema (6.0.11)"
"Generator:","C:\Program Files\KiCad\6.0\bin\scripting\plugins/bom_csv_grouped_by_value.py"
"Component Count:","123"

"Individual Components:"

"Item","Qty","Reference(s)","Value","LibPart","Footprint","Datasheet","MANUFACTURER","MPN","OC_FARNELL","OC_NEWARK","PACKAGE","PARTREV","STANDARD","SUPPLIER"
"","","C1","100nF","Device:C_Small","Capacitor_SMD:C_0603_1608Metric_Pad1.08x0.95mm_HandSolder","~","","","","","","","",""
"","","C2","100nF","Device:C_Small","Capacitor_SMD:C_0603_1608Metric_Pad1.08x0.95mm_HandSolder","~","","","","","","","",""
"","","C3","100nF","Device:C_Small","Capacitor_SMD:C_0603_1608Metric_Pad1.08x0.95mm_HandSolder","~","","","","","","","",""
"","","C4","12pF","Device:C","Capacitor_SMD:C_0603_1608Metric_Pad1.08x0.95mm_HandSolder","~","","","","","","","",""
"","","C5","12pF","Device:C","Capacitor_SMD:C_0603_1608Metric_Pad1.08x0.95mm_HandSolder","~","","","","","","","",""
"","","C6","12pF","Device:C","Capacitor_SMD:C_0603_1608Metric_Pad1.08x0.95mm_HandSolder","~","","","","","","","",""
"","","C7","12pF","Device:C","Capacitor_SMD:C_0603_1608Metric_Pad1.08x0.95mm_HandSolder","~","","","","","","","",""
"","","C8","100nF","Device:C_Small","Capacitor_SMD:C_0603_1608Metric_Pad1.08x0.95mm_HandSolder","~","","","","","","","",""
"","","C9","100nF","Device:C_Small","Capacitor_SMD:C_0603_1608Metric_Pad1.08x0.95mm_HandSolder","~","","","","","","","",""
"","","C10","100nF","Device:C_Small","Capacitor_SMD:C_0603_1608Metric_Pad1.08x0.95mm_HandSolder","~","","","","","","","",""
"","","C11","100nF","Device:C_Small","Capacitor_SMD:C_0603_1608Metric_Pad1.08x0.95mm_HandSolder","~","","","","","","","",""
"","","C12","100nF","Device:C_Small","Capacitor_SMD:C_0603_1608Metric_Pad1.08x0.95mm_HandSolder","~","","","","","","","",""
"","","C13","100nF","Device:C_Small","Capacitor_SMD:C_0603_1608Metric_Pad1.08x0.95mm_HandSolder","~","","","","","","","",""
"","","C14","100nF","Device:C_Small","Capacitor_SMD:C_0603_1608Metric_Pad1.08x0.95mm_HandSolder","~","","","","","","","",""
"","","C15","100nF","Device:C_Small","Capacitor_SMD:C_0603_1608Metric_Pad1.08x0.95mm_HandSolder","~","","","","","","","",""
"","","C16","100nF","Device:C_Small","Capacitor_SMD:C_0603_1608Metric_Pad1.08x0.95mm_HandSolder","~","","","","","","","",""
"","","C17","100nF","Device:C_Small","Capacitor_SMD:C_0603_1608Metric_Pad1.08x0.95mm_HandSolder","~","","","","","","","",""
"","","C18","100nF","Device:C_Small","Capacitor_SMD:C_0603_1608Metric_Pad1.08x0.95mm_HandSolder","~","","","","","","","",""
"","","C19","4.7uF","Device:C_Small","Capacitor_SMD:C_0805_2012Metric_Pad1.18x1.45mm_HandSolder","~","","","","","","","",""
"","","C20","2.2uF","Device:C_Small","Capacitor_SMD:C_0805_2012Metric_Pad1.18x1.45mm_HandSolder","~","","","","","","","",""
"","","C21","2.2uF","Device:C_Small","Capacitor_SMD:C_0805_2012Metric_Pad1.18x1.45mm_HandSolder","~","","","","","","","",""
"","","C22","2.2uF","Device:C_Small","Capacitor_SMD:C_0805_2012Metric_Pad1.18x1.45mm_HandSolder","~","","","","","","","",""
"","","C23","2.2uF","Device:C_Small","Capacitor_SMD:C_0805_2012Metric_Pad1.18x1.45mm_HandSolder","~","","","","","","","",""
"","","C24","100nF","Device:C_Small","Capacitor_SMD:C_0603_1608Metric_Pad1.08x0.95mm_HandSolder","~","","","","","","","",""
"","","C25","100nF","Device:C_Small","Capacitor_SMD:C_0603_1608Metric_Pad1.08x0.95mm_HandSolder","~","","","","","","","",""
"","","C26","100nF","Device:C_Small","Capacitor_SMD:C_0603_1608Metric_Pad1.08x0.95mm_HandSolder","~","","","","","","","",""
"","","C27","10uF 25V","Device:C_Small","Capacitor_SMD:C_0603_1608Metric_Pad1.08x0.95mm_HandSolder","~","","","","","","","",""
"","","C28","10uF 25V","Device:C_Small","Capacitor_SMD:C_0603_1608Metric_Pad1.08x0.95mm_HandSolder","~","","","","","","","",""
"","","C29","100nF 50V","Device:C_Small","Capacitor_SMD:C_0603_1608Metric_Pad1.08x0.95mm_HandSolder","~","","","","","","","",""
"","","C30","100nF 50V","Device:C_Small","Capacitor_SMD:C_0603_1608Metric_Pad1.08x0.95mm_HandSolder","~","","","","","","","",""
"","","C31","100nF 50V","Device:C_Small","Capacitor_SMD:C_0603_1608Metric_Pad1.08x0.95mm_HandSolder","~","","","","","","","",""
"","","C32","100nF 50V","Device:C_Small","Capacitor_SMD:C_0603_1608Metric_Pad1.08x0.95mm_HandSolder","~","","","","","","","",""
"","","C33","10uF","Device:C","Capacitor_SMD:C_0603_1608Metric_Pad1.08x0.95mm_HandSolder","~","","","","","","","",""
"","","C34","100uF","Device:C_Small","Capacitor_SMD:C_0603_1608Metric_Pad1.08x0.95mm_HandSolder","~","","","","","","","",""
"","","C35","100uF","Device:C_Small","Capacitor_SMD:C_0603_1608Metric_Pad1.08x0.95mm_HandSolder","~","","","","","","","",""
"","","C36","100nF","Device:C_Small","Capacitor_SMD:C_0603_1608Metric_Pad1.08x0.95mm_HandSolder","~","","","","","","","",""
"","","C37","100nF","Device:C_Small","Capacitor_SMD:C_0603_1608Metric_Pad1.08x0.95mm_HandSolder","~","","","","","","","",""
"","","C38","100nF","Device:C_Small","Capacitor_SMD:C_0603_1608Metric_Pad1.08x0.95mm_HandSolder","~","","","","","","","",""
"","","C39","100nF","Device:C_Small","Capacitor_SMD:C_0603_1608Metric_Pad1.08x0.95mm_HandSolder","~","","","","","","","",""
"","","C40","100uF","Device:C_Small","Capacitor_SMD:C_0603_1608Metric_Pad1.08x0.95mm_HandSolder","~","","","","","","","",""
"","","C41","100uF","Device:C_Small","Capacitor_SMD:C_0603_1608Metric_Pad1.08x0.95mm_HandSolder","~","","","","","","","",""
"","","C42","100nF","Device:C_Small","Capacitor_SMD:C_0603_1608Metric_Pad1.08x0.95mm_HandSolder","~","","","","","","","",""
"","","C43","100nF","Device:C_Small","Capacitor_SMD:C_0603_1608Metric_Pad1.08x0.95mm_HandSolder","~","","","","","","","",""
"","","C44","4.7uF","Device:C_Small","Capacitor_SMD:C_0603_1608Metric_Pad1.08x0.95mm_HandSolder","~","","","","","","","",""
"","","C45","4.7uF","Device:C_Small","Capacitor_SMD:C_0603_1608Metric_Pad1.08x0.95mm_HandSolder","~","","","","","","","",""
"","","C46","1uF","Device:C_Small","Capacitor_SMD:C_0603_1608Metric_Pad1.08x0.95mm_HandSolder","~","","","","","","","",""
"","","C47","1uF","Device:C_Small","Capacitor_SMD:C_0603_1608Metric_Pad1.08x0.95mm_HandSolder","~","","","","","","","",""
"","","C48","2.2uF","Device:C_Small","Capacitor_SMD:C_0603_1608Metric_Pad1.08x0.95mm_HandSolder","~","","","","","","","",""
"","","C49","1uF","Device:C_Small","Capacitor_SMD:C_0603_1608Metric_Pad1.08x0.95mm_HandSolder","~","","","","","","","",""
"","","C50","4.7uF","Device:C_Small","Capacitor_SMD:C_0603_1608Metric_Pad1.08x0.95mm_HandSolder","~","","","","","","","",""
"","","C51","1uF","Device:C_Small","Capacitor_SMD:C_0603_1608Metric_Pad1.08x0.95mm_HandSolder","~","","","","","","","",""
"","","C52","X7R 2nF 2kV ","Device:C","Capacitor_SMD:C_0603_1608Metric_Pad1.08x0.95mm_HandSolder","~","","","","","","","",""
"","","C53","100uF","Device:C","Capacitor_SMD:C_0603_1608Metric_Pad1.08x0.95mm_HandSolder","~","","","","","","","",""
"","","C54","100uF","Device:C","Capacitor_SMD:C_0603_1608Metric_Pad1.08x0.95mm_HandSolder","~","","","","","","","",""
"","","C55","100nF","Device:C","Capacitor_SMD:C_0603_1608Metric_Pad1.08x0.95mm_HandSolder","~","","","","","","","",""
"","","D1","LED","Device:LED","LED_SMD:LED_0603_1608Metric_Pad1.05x0.95mm_HandSolder","~","","","","","","","",""
"","","D2","1N4148W","Diode:1N4148W","Diode_SMD:D_SOD-123","https://www.vishay.com/docs/85748/1n4148w.pdf","","","","","","","",""
"","","D3","RCLAMP3374N.TCT","RCLAMP3374N.TCT:RCLAMP3374N.TCT","RCLAMP3374N:DIODE_RCLAMP3374N.TCT","","Semtech","","","","","7/24/2012","Manufacturer Recommendation",""
"","","D4","RCLAMP3374N.TCT","RCLAMP3374N.TCT:RCLAMP3374N.TCT","RCLAMP3374N:DIODE_RCLAMP3374N.TCT","","Semtech","","","","","7/24/2012","Manufacturer Recommendation",""
"","","D5","1N4148W","Diode:1N4148W","Diode_SMD:D_SOD-123","https://www.vishay.com/docs/85748/1n4148w.pdf","","","","","","","",""
"","","D6","1N4148W","Diode:1N4148W","Diode_SMD:D_SOD-123","https://www.vishay.com/docs/85748/1n4148w.pdf","","","","","","","",""
"","","FB1","MPZ1608S601A","MPZ1608S601A:MPZ1608S601A","MPZ1608S601A:BEADC1608X95N","","","","","","","","",""
"","","FB2","FerriteBead","Device:FerriteBead","MPZ1608S601A:BEADC1608X95N","~","","","","","","","",""
"","","FB3","MPZ1608S601A","MPZ1608S601A:MPZ1608S601A","MPZ1608S601A:BEADC1608X95N","","","","","","","","",""
"","","FB4","MPZ1608S601A","MPZ1608S601A:MPZ1608S601A","MPZ1608S601A:BEADC1608X95N","","","","","","","","",""
"","","FB5","MPZ1608S601A","MPZ1608S601A:MPZ1608S601A","MPZ1608S601A:BEADC1608X95N","","","","","","","","",""
"","","H1","","Mechanical:MountingHole_Pad","MountingHole:MountingHole_3.2mm_M3_ISO7380_Pad","~","","","","","","","",""
"","","H2","","Mechanical:MountingHole_Pad","MountingHole:MountingHole_3.2mm_M3_ISO7380_Pad","~","","","","","","","",""
"","","H3","","Mechanical:MountingHole_Pad","MountingHole:MountingHole_3.2mm_M3_ISO7380_Pad","~","","","","","","","",""
"","","H4","","Mechanical:MountingHole_Pad","MountingHole:MountingHole_3.2mm_M3_ISO7380_Pad","~","","","","","","","",""
"","","J1","UART","Connector:Conn_01x04_Male","Connector_PinHeader_2.54mm:PinHeader_1x04_P2.54mm_Vertical","~","","","","","","","",""
"","","J2","Conn_01x05_Male","Connector:Conn_01x05_Male","Connector_PinHeader_2.54mm:PinHeader_1x05_P2.54mm_Vertical","~","","","","","","","",""
"","","J3","LU1T516-43","LU1T516-43LF:LU1T516-43","LU1T516-43LF:LU1T516-43LF","~","","","","","","","",""
"","","J4","LU1T516-43","LU1T516-43LF:LU1T516-43","LU1T516-43LF:LU1T516-43LF","~","","","","","","","",""
"","","J5","Conn_01x14","Connector_Generic:Conn_01x14","OLED0_49:OLED0_49","~","","","","","","","",""
"","","J6","2.54mm PinHeader","Connector:Conn_01x04_Male","Connector_PinHeader_2.54mm:PinHeader_1x04_P2.54mm_Vertical","~","","","","","","","",""
"","","J7","USB_C_Receptacle_USB2.0","Connector:USB_C_Receptacle_USB2.0","Connector_USB:USB_C_Receptacle_Palconn_UTC16-G","https://www.usb.org/sites/default/files/documents/usb_type-c.zip","","","","","","","",""
"","","JP1","Closed","Jumper:Jumper_2_Bridged","Jumper:SolderJumper-2_P1.3mm_Open_TrianglePad1.0x1.5mm","~","","","","","","","",""
"","","R1","100K","Device:R_Small","Resistor_SMD:R_0603_1608Metric_Pad0.98x0.95mm_HandSolder","~","","","","","","","",""
"","","R2","470","Device:R_Small","Resistor_SMD:R_0603_1608Metric_Pad0.98x0.95mm_HandSolder","~","","","","","","","",""
"","","R3","100K","Device:R_Small","Resistor_SMD:R_0603_1608Metric_Pad0.98x0.95mm_HandSolder","~","","","","","","","",""
"","","R4","10K","Device:R","Resistor_SMD:R_0603_1608Metric_Pad0.98x0.95mm_HandSolder","~","","","","","","","",""
"","","R5","0","Device:R","Resistor_SMD:R_0603_1608Metric_Pad0.98x0.95mm_HandSolder","~","","","","","","","",""
"","","R6","0","Device:R","Resistor_SMD:R_0603_1608Metric_Pad0.98x0.95mm_HandSolder","~","","","","","","","",""
"","","R7","470","Device:R_Small","Resistor_SMD:R_0603_1608Metric_Pad0.98x0.95mm_HandSolder","~","","","","","","","",""
"","","R8","470","Device:R_Small","Resistor_SMD:R_0603_1608Metric_Pad0.98x0.95mm_HandSolder","~","","","","","","","",""
"","","R9","470","Device:R_Small","Resistor_SMD:R_0603_1608Metric_Pad0.98x0.95mm_HandSolder","~","","","","","","","",""
"","","R10","470","Device:R_Small","Resistor_SMD:R_0603_1608Metric_Pad0.98x0.95mm_HandSolder","~","","","","","","","",""
"","","R11","10K","Device:R_Small","Resistor_SMD:R_0603_1608Metric_Pad0.98x0.95mm_HandSolder","~","","","","","","","",""
"","","R12","4.7K","Device:R_Small","Resistor_SMD:R_0603_1608Metric_Pad0.98x0.95mm_HandSolder","~","","","","","","","",""
"","","R13","49.9","Device:R_Small","Resistor_SMD:R_0603_1608Metric_Pad0.98x0.95mm_HandSolder","~","","","","","","","",""
"","","R14","49.9","Device:R_Small","Resistor_SMD:R_0603_1608Metric_Pad0.98x0.95mm_HandSolder","~","","","","","","","",""
"","","R15","49.9","Device:R_Small","Resistor_SMD:R_0603_1608Metric_Pad0.98x0.95mm_HandSolder","~","","","","","","","",""
"","","R16","49.9","Device:R_Small","Resistor_SMD:R_0603_1608Metric_Pad0.98x0.95mm_HandSolder","~","","","","","","","",""
"","","R17","49.9","Device:R_Small","Resistor_SMD:R_0603_1608Metric_Pad0.98x0.95mm_HandSolder","~","","","","","","","",""
"","","R18","49.9","Device:R_Small","Resistor_SMD:R_0603_1608Metric_Pad0.98x0.95mm_HandSolder","~","","","","","","","",""
"","","R19","49.9","Device:R_Small","Resistor_SMD:R_0603_1608Metric_Pad0.98x0.95mm_HandSolder","~","","","","","","","",""
"","","R20","49.9","Device:R_Small","Resistor_SMD:R_0603_1608Metric_Pad0.98x0.95mm_HandSolder","~","","","","","","","",""
"","","R21","10K","Device:R","Resistor_SMD:R_0603_1608Metric_Pad0.98x0.95mm_HandSolder","~","","","","","","","",""
"","","R22","10K","Device:R_Small","Resistor_SMD:R_0603_1608Metric_Pad0.98x0.95mm_HandSolder","~","","","","","","","",""
"","","R23","4.7K","Device:R_Small","Resistor_SMD:R_0603_1608Metric_Pad0.98x0.95mm_HandSolder","~","","","","","","","",""
"","","R24","11.8K","Device:R_Small","Resistor_SMD:R_0603_1608Metric_Pad0.98x0.95mm_HandSolder","~","","","","","","","",""
"","","R25","10K","Device:R_Small","Resistor_SMD:R_0603_1608Metric_Pad0.98x0.95mm_HandSolder","~","","","","","","","",""
"","","R26","4.7K","Device:R_Small","Resistor_SMD:R_0603_1608Metric_Pad0.98x0.95mm_HandSolder","~","","","","","","","",""
"","","R27","560K","Device:R_Small","Resistor_SMD:R_0603_1608Metric_Pad0.98x0.95mm_HandSolder","~","","","","","","","",""
"","","R28","4.7K","Device:R_Small","Resistor_SMD:R_0603_1608Metric_Pad0.98x0.95mm_HandSolder","~","","","","","","","",""
"","","R29","4.7K","Device:R_Small","Resistor_SMD:R_0603_1608Metric_Pad0.98x0.95mm_HandSolder","~","","","","","","","",""
"","","R30","1M","Device:R","Resistor_SMD:R_0603_1608Metric_Pad0.98x0.95mm_HandSolder","~","","","","","","","",""
"","","R31","5.1K","Device:R_Small","Resistor_SMD:R_0603_1608Metric_Pad0.98x0.95mm_HandSolder","~","","","","","","","",""
"","","R32","5.1K","Device:R_Small","Resistor_SMD:R_0603_1608Metric_Pad0.98x0.95mm_HandSolder","~","","","","","","","",""
"","","R33","22","Device:R","Resistor_SMD:R_0603_1608Metric_Pad0.98x0.95mm_HandSolder","~","","","","","","","",""
"","","R34","22","Device:R","Resistor_SMD:R_0603_1608Metric_Pad0.98x0.95mm_HandSolder","~","","","","","","","",""
"","","SW1","SW_Push","Switch:SW_Push","Button_Switch_SMD:SW_SPST_B3U-1000P-B","~","","","","","","","",""
"","","SW2","SW_Push","Switch:SW_Push","Button_Switch_SMD:SW_SPST_B3U-1000P-B","~","","","","","","","",""
"","","SW3","SW_Push","Switch:SW_Push","Button_Switch_SMD:SW_SPST_B3U-1000P-B","~","","","","","","","",""
"","","U1","K6F8016U6B","K6F8016U6B:K6F8016U6B","K6F8016U6B:K6F8016U6B","","","","","","","","",""
"","","U2","STM32F407ZGTx","MCU_ST_STM32F4:STM32F407ZGTx","Package_QFP:LQFP-144_20x20mm_P0.5mm","http://www.st.com/st-web-ui/static/active/en/resource/technical/document/datasheet/DM00037051.pdf","","","","","","","",""
"","","U3","KSZ8863MLLI","KSZ8863MLLI:KSZ8863MLLI","KSZ8863MLLI:QFP50P900X900X160-48N","","","KSZ8863MLLI","1864784","27T5794","TQFP-48","","","MICREL SEMICONDUCTOR"
"","","U4","USBLC6-2SC6","Power_Protection:USBLC6-2SC6","Package_TO_SOT_SMD:SOT-23-6","https://www.st.com/resource/en/datasheet/usblc6-2.pdf","","","","","","","",""
"","","U5","DCP012415DBP-U","DCP012415DBP-U:DCP012415DBP-U","DCP012415DBP-U:SOP254P1050X533-14N","","","DCP012415DBP-U","1247063","76K4235","SOP-7","","","TEXAS INSTRUMENTS"
"","","U6","AP1117-33","Regulator_Linear:AP1117-33","Package_TO_SOT_SMD:SOT-223-3_TabPin2","http://www.diodes.com/datasheets/AP1117.pdf","","","","","","","",""
"","","Y1","25Mhz","Device:Crystal_GND24","Crystal:Crystal_SMD_3225-4Pin_3.2x2.5mm_HandSoldering","~","","","","","","","",""
"","","Y2","32.768KHz","Device:Crystal_GND24","Crystal:Crystal_SMD_3225-4Pin_3.2x2.5mm_HandSoldering","~","","","","","","","",""



"Collated Components:"

"Item","Qty","Reference(s)","Value","LibPart","Footprint","Datasheet","MANUFACTURER","MPN","OC_FARNELL","OC_NEWARK","PACKAGE","PARTREV","STANDARD","SUPPLIER"
"1","23","C1, C2, C3, C8, C9, C10, C11, C12, C13, C14, C15, C16, C17, C18, C24, C25, C26, C36, C37, C38, C39, C42, C43","100nF","Device:C_Small","Capacitor_SMD:C_0603_1608Metric_Pad1.08x0.95mm_HandSolder","~","","","","","","","",""
"2","4","C4, C5, C6, C7","12pF","Device:C","Capacitor_SMD:C_0603_1608Metric_Pad1.08x0.95mm_HandSolder","~","","","","","","","",""
"3","1","C19","4.7uF","Device:C_Small","Capacitor_SMD:C_0805_2012Metric_Pad1.18x1.45mm_HandSolder","~","","","","","","","",""
"4","4","C20, C21, C22, C23","2.2uF","Device:C_Small","Capacitor_SMD:C_0805_2012Metric_Pad1.18x1.45mm_HandSolder","~","","","","","","","",""
"5","2","C27, C28","10uF 25V","Device:C_Small","Capacitor_SMD:C_0603_1608Metric_Pad1.08x0.95mm_HandSolder","~","","","","","","","",""
"6","4","C29, C30, C31, C32","100nF 50V","Device:C_Small","Capacitor_SMD:C_0603_1608Metric_Pad1.08x0.95mm_HandSolder","~","","","","","","","",""
"7","1","C33","10uF","Device:C","Capacitor_SMD:C_0603_1608Metric_Pad1.08x0.95mm_HandSolder","~","","","","","","","",""
"8","4","C34, C35, C40, C41","100uF","Device:C_Small","Capacitor_SMD:C_0603_1608Metric_Pad1.08x0.95mm_HandSolder","~","","","","","","","",""
"9","3","C44, C45, C50","4.7uF","Device:C_Small","Capacitor_SMD:C_0603_1608Metric_Pad1.08x0.95mm_HandSolder","~","","","","","","","",""
"10","4","C46, C47, C49, C51","1uF","Device:C_Small","Capacitor_SMD:C_0603_1608Metric_Pad1.08x0.95mm_HandSolder","~","","","","","","","",""
"11","1","C48","2.2uF","Device:C_Small","Capacitor_SMD:C_0603_1608Metric_Pad1.08x0.95mm_HandSolder","~","","","","","","","",""
"12","1","C52","X7R 2nF 2kV ","Device:C","Capacitor_SMD:C_0603_1608Metric_Pad1.08x0.95mm_HandSolder","~","","","","","","","",""
"13","2","C53, C54","100uF","Device:C","Capacitor_SMD:C_0603_1608Metric_Pad1.08x0.95mm_HandSolder","~","","","","","","","",""
"14","1","C55","100nF","Device:C","Capacitor_SMD:C_0603_1608Metric_Pad1.08x0.95mm_HandSolder","~","","","","","","","",""
"15","1","D1","LED","Device:LED","LED_SMD:LED_0603_1608Metric_Pad1.05x0.95mm_HandSolder","~","","","","","","","",""
"16","3","D2, D5, D6","1N4148W","Diode:1N4148W","Diode_SMD:D_SOD-123","https://www.vishay.com/docs/85748/1n4148w.pdf","","","","","","","",""
"17","2","D3, D4","RCLAMP3374N.TCT","RCLAMP3374N.TCT:RCLAMP3374N.TCT","RCLAMP3374N:DIODE_RCLAMP3374N.TCT","","Semtech","","","","","7/24/2012","Manufacturer Recommendation",""
"18","4","FB1, FB3, FB4, FB5","MPZ1608S601A","MPZ1608S601A:MPZ1608S601A","MPZ1608S601A:BEADC1608X95N","","","","","","","","",""
"19","1","FB2","FerriteBead","Device:FerriteBead","MPZ1608S601A:BEADC1608X95N","~","","","","","","","",""
"20","4","H1, H2, H3, H4","","Mechanical:MountingHole_Pad","MountingHole:MountingHole_3.2mm_M3_ISO7380_Pad","~","","","","","","","",""
"21","1","J1","UART","Connector:Conn_01x04_Male","Connector_PinHeader_2.54mm:PinHeader_1x04_P2.54mm_Vertical","~","","","","","","","",""
"22","1","J2","Conn_01x05_Male","Connector:Conn_01x05_Male","Connector_PinHeader_2.54mm:PinHeader_1x05_P2.54mm_Vertical","~","","","","","","","",""
"23","2","J3, J4","LU1T516-43","LU1T516-43LF:LU1T516-43","LU1T516-43LF:LU1T516-43LF","~","","","","","","","",""
"24","1","J5","Conn_01x14","Connector_Generic:Conn_01x14","OLED0_49:OLED0_49","~","","","","","","","",""
"25","1","J6","2.54mm PinHeader","Connector:Conn_01x04_Male","Connector_PinHeader_2.54mm:PinHeader_1x04_P2.54mm_Vertical","~","","","","","","","",""
"26","1","J7","USB_C_Receptacle_USB2.0","Connector:USB_C_Receptacle_USB2.0","Connector_USB:USB_C_Receptacle_Palconn_UTC16-G","https://www.usb.org/sites/default/files/documents/usb_type-c.zip","","","","","","","",""
"27","1","JP1","Closed","Jumper:Jumper_2_Bridged","Jumper:SolderJumper-2_P1.3mm_Open_TrianglePad1.0x1.5mm","~","","","","","","","",""
"28","2","R1, R3","100K","Device:R_Small","Resistor_SMD:R_0603_1608Metric_Pad0.98x0.95mm_HandSolder","~","","","","","","","",""
"29","5","R2, R7, R8, R9, R10","470","Device:R_Small","Resistor_SMD:R_0603_1608Metric_Pad0.98x0.95mm_HandSolder","~","","","","","","","",""
"30","2","R4, R21","10K","Device:R","Resistor_SMD:R_0603_1608Metric_Pad0.98x0.95mm_HandSolder","~","","","","","","","",""
"31","2","R5, R6","0","Device:R","Resistor_SMD:R_0603_1608Metric_Pad0.98x0.95mm_HandSolder","~","","","","","","","",""
"32","3","R11, R22, R25","10K","Device:R_Small","Resistor_SMD:R_0603_1608Metric_Pad0.98x0.95mm_HandSolder","~","","","","","","","",""
"33","5","R12, R23, R26, R28, R29","4.7K","Device:R_Small","Resistor_SMD:R_0603_1608Metric_Pad0.98x0.95mm_HandSolder","~","","","","","","","",""
"34","8","R13, R14, R15, R16, R17, R18, R19, R20","49.9","Device:R_Small","Resistor_SMD:R_0603_1608Metric_Pad0.98x0.95mm_HandSolder","~","","","","","","","",""
"35","1","R24","11.8K","Device:R_Small","Resistor_SMD:R_0603_1608Metric_Pad0.98x0.95mm_HandSolder","~","","","","","","","",""
"36","1","R27","560K","Device:R_Small","Resistor_SMD:R_0603_1608Metric_Pad0.98x0.95mm_HandSolder","~","","","","","","","",""
"37","1","R30","1M","Device:R","Resistor_SMD:R_0603_1608Metric_Pad0.98x0.95mm_HandSolder","~","","","","","","","",""
"38","2","R31, R32","5.1K","Device:R_Small","Resistor_SMD:R_0603_1608Metric_Pad0.98x0.95mm_HandSolder","~","","","","","","","",""
"39","2","R33, R34","22","Device:R","Resistor_SMD:R_0603_1608Metric_Pad0.98x0.95mm_HandSolder","~","","","","","","","",""
"40","3","SW1, SW2, SW3","SW_Push","Switch:SW_Push","Button_Switch_SMD:SW_SPST_B3U-1000P-B","~","","","","","","","",""
"41","1","U1","K6F8016U6B","K6F8016U6B:K6F8016U6B","K6F8016U6B:K6F8016U6B","","","","","","","","",""
"42","1","U2","STM32F407ZGTx","MCU_ST_STM32F4:STM32F407ZGTx","Package_QFP:LQFP-144_20x20mm_P0.5mm","http://www.st.com/st-web-ui/static/active/en/resource/technical/document/datasheet/DM00037051.pdf","","","","","","","",""
"43","1","U3","KSZ8863MLLI","KSZ8863MLLI:KSZ8863MLLI","KSZ8863MLLI:QFP50P900X900X160-48N","","","KSZ8863MLLI","1864784","27T5794","TQFP-48","","","MICREL SEMICONDUCTOR"
"44","1","U4","USBLC6-2SC6","Power_Protection:USBLC6-2SC6","Package_TO_SOT_SMD:SOT-23-6","https://www.st.com/resource/en/datasheet/usblc6-2.pdf","","","","","","","",""
"45","1","U5","DCP012415DBP-U","DCP012415DBP-U:DCP012415DBP-U","DCP012415DBP-U:SOP254P1050X533-14N","","","DCP012415DBP-U","1247063","76K4235","SOP-7","","","TEXAS INSTRUMENTS"
"46","1","U6","AP1117-33","Regulator_Linear:AP1117-33","Package_TO_SOT_SMD:SOT-223-3_TabPin2","http://www.diodes.com/datasheets/AP1117.pdf","","","","","","","",""
"47","1","Y1","25Mhz","Device:Crystal_GND24","Crystal:Crystal_SMD_3225-4Pin_3.2x2.5mm_HandSoldering","~","","","","","","","",""
"48","1","Y2","32.768KHz","Device:Crystal_GND24","Crystal:Crystal_SMD_3225-4Pin_3.2x2.5mm_HandSoldering","~","","","","","","","",""
